Date,Price,Open,High,Low,Vol.,Change %
04/25/2024,135,134.5,135,134.5,,0.75%
04/24/2024,134,134.5,135,134,,0.00%
04/23/2024,134,133.5,134.5,133.5,,0.37%
04/22/2024,133.5,133.5,134,133,,0.38%
04/19/2024,133,133,133.55,132.75,,0.19%
04/18/2024,132.75,132.5,133.5,132.25,,0.57%
04/17/2024,132,131.5,133,131.125,,0.76%
04/16/2024,131,130.75,132,130.25,,0.38%
04/15/2024,130.5,130,131,130,,0.77%
04/12/2024,129.5,130,130,130,,0.00%
04/11/2024,129.5,130,130,130,,-0.49%
04/10/2024,130.14,130,130.14,130,,0.49%
04/09/2024,129.5,130,130.05,129.75,,0.00%
04/08/2024,129.5,130,130,130,,0.00%
04/05/2024,129.5,130,130.5,129.35,,0.00%
04/04/2024,129.5,131,131.5,129.75,,-0.77%
04/03/2024,130.5,131.25,131.6,130.75,,-0.38%
04/02/2024,131,131.5,132,131.25,,-0.38%
04/01/2024,131.5,131.75,132.444,131.5,,-0.38%
03/29/2024,132,132.5,132.61,132,,0.57%
03/28/2024,131.25,131.5,132,131.25,,-0.19%
03/27/2024,131.5,131.5,132,130.975,,0.38%
03/26/2024,131,132,132.5,131,,-0.38%
03/25/2024,131.5,132.5,132.5,131.75,,-0.38%
03/22/2024,132,132.5,132.625,132,,0.00%
03/21/2024,132,132.5,133,132.5,,0.00%
03/20/2024,132,133,133,132.5,,0.00%
03/19/2024,132,134,134,132.5,,-1.12%
03/18/2024,133.5,134,134.5,133.5,,-0.37%
03/15/2024,134,134,135.5,134,,0.00%
03/14/2024,134,137,137.5,134.5,,-2.19%
03/13/2024,137,138.5,138.5,137,,-1.08%
03/12/2024,138.5,139.4,140,138.5,,-0.14%
03/11/2024,138.7,140.5,140.5,139,,-0.57%
03/08/2024,139.5,142,142.5,139.5,,-1.76%
03/07/2024,142,143,143,142,,-0.35%
03/06/2024,142.5,142.75,143.5,142.5,,0.00%
03/05/2024,142.5,144.5,144.5,142.5,,-1.04%
03/04/2024,144,146,146,144.5,,-1.03%
03/01/2024,145.5,146.75,147,145.5,,-0.68%
02/29/2024,146.5,146,147.2,145.5,,0.34%
02/28/2024,146,146,147,145.5,,0.00%
02/27/2024,146,145.5,146.5,145.5,,0.69%
02/26/2024,145,145.5,146,145.5,,0.00%
02/23/2024,145,146.5,146.5,145.5,,-0.68%
02/22/2024,146,146.5,146.5,145.5,,0.34%
02/21/2024,145.5,145.5,146.5,144.5,,0.34%
02/20/2024,145,145.5,145.5,144.5,,0.00%
02/19/2024,145,145,145.5,144.5,,0.69%
02/16/2024,144,145.5,145.5,143.25,,-0.69%
02/15/2024,145,150.5,151.5,139.5,,-3.33%
02/14/2024,150,156.5,156.5,150.5,,-3.54%
02/13/2024,155.5,158.5,158.5,156,,-1.27%
02/12/2024,157.5,160,160,158,,-0.94%
02/09/2024,159,160,160.5,159.5,,-0.63%
02/08/2024,160,160.5,160.5,159.6,,0.00%
02/07/2024,160,160.5,160.5,160.4,,0.00%
02/06/2024,160,160.5,160.5,160.3,,0.00%
02/05/2024,160,160.5,160.5,160.5,,0.00%
02/02/2024,160,160.5,160.5,160,,0.00%
02/01/2024,160,160.5,161,160.35,,0.00%
01/31/2024,160,161.5,161.5,160.5,,-0.62%
01/30/2024,161,162,162,161,,0.00%
01/29/2024,161,162.5,163,161.5,,-0.62%
01/26/2024,162,163.5,163.5,162,,-0.61%
01/25/2024,163,163.5,163.5,162.65,,0.15%
01/24/2024,162.75,163,163.5,162.15,,0.15%
01/23/2024,162.5,162.5,163,161.75,,0.31%
01/22/2024,162,162,162.5,161.4,,0.31%
01/19/2024,161.5,161.75,162,161.3,,0.16%
01/18/2024,161.25,161,161.75,160.5,,0.47%
01/17/2024,160.5,160,161.5,160,,0.50%
01/16/2024,159.7,159.5,160.75,159.5,,0.13%
01/15/2024,159.5,159.5,160.25,157.35,,0.31%
01/12/2024,159,159.5,159.75,158.75,,0.32%
01/11/2024,158.5,158.9,159.5,158.25,,0.51%
01/10/2024,157.7,158,159,158,,-0.03%
01/09/2024,157.75,157.8,158.5,157.5,,0.16%
01/08/2024,157.5,157.55,158,157.5,,0.32%
01/05/2024,157,157.5,157.85,156.95,,0.00%
01/04/2024,157,157.35,157.7,156.85,,0.32%
01/03/2024,156.5,157,157.6,156.6,,-0.32%
01/02/2024,157,157,157.5,156.45,,-0.28%
01/01/2024,157.44,157.297,157.53,157.297,,0.60%
12/29/2023,156.5,157,157,156.15,,0.00%
12/28/2023,156.5,156.5,157,155.75,,0.32%
12/27/2023,156,156,156.5,154.85,,0.00%
12/26/2023,156,154.97,156,154.97,,0.66%
12/25/2023,154.97,154.871,155,154.871,,-0.34%
12/22/2023,155.5,154.6,156.5,154.6,,0.13%
12/21/2023,155.3,154.75,155.8,154.875,,0.84%
12/20/2023,154,154.1,154.1,154.1,,0.13%
12/19/2023,153.8,153.9,154.1,153.55,,0.00%
12/18/2023,153.8,153.4,153.9,153.35,,0.07%
12/15/2023,153.7,153.5,153.8,153.3,,0.26%
12/14/2023,153.3,153.3,153.6,153.3,,0.00%
12/13/2023,153.3,153.25,153.45,153.2,,-0.07%
12/12/2023,153.4,153.4,153.4,153.4,,0.07%
12/11/2023,153.3,153.35,153.4,153.3,,0.07%
12/08/2023,153.2,153.35,153.4,153.3,,-0.03%
12/07/2023,153.25,153.35,153.4,153.2,,0.00%
12/06/2023,153.25,153.25,153.4,153.1,,0.00%
12/05/2023,153.25,153.3,153.4,153.2,,0.03%
12/04/2023,153.2,153.25,153.35,153,,0.03%
12/01/2023,153.15,153.3,153.3,153.1,,0.00%
11/30/2023,153.15,153.1,153.25,153,,0.03%
11/29/2023,153.1,153.1,153.3,152.7,,0.07%
11/28/2023,153,153,153.1,152.7,,0.07%
11/27/2023,152.9,152.95,153.05,152.8,,0.13%
11/24/2023,152.7,152.85,152.96,152.675,,-0.03%
11/23/2023,152.75,152.8,152.85,152.45,,0.03%
11/22/2023,152.7,152.55,152.8,152.4,,0.13%
11/21/2023,152.5,152.5,152.6,152.3,,0.10%
11/20/2023,152.35,152.3,152.5,152.1,,0.03%
11/17/2023,152.3,152.3,152.6,151.95,,0.07%
11/16/2023,152.2,152.1,152.3,152.1,,0.13%
11/15/2023,152,151.85,152.2,151.85,,0.07%
11/14/2023,151.9,151.7,152.1,151.7,,0.00%
11/13/2023,151.9,151.752,152.44,151.75,,0.23%
11/10/2023,151.55,151.7,151.9,151.45,,0.10%
11/09/2023,151.4,151.4,151.75,151.4,,0.00%
11/08/2023,151.4,151.4,151.65,151.1,,0.03%
11/07/2023,151.35,151.3,151.55,151.1,,0.10%
11/06/2023,151.2,151.1,151.45,151.1,,0.07%
11/03/2023,151.1,151.1,151.3,150.9,,0.23%
11/02/2023,150.75,150.8,151.1,150.6,,-0.03%
11/01/2023,150.8,150.75,151,150.55,,0.23%
10/31/2023,150.45,150.5,150.8,150.45,,-0.03%
10/30/2023,150.5,150.4,150.6,150.2,,0.13%
10/27/2023,150.3,150.3,150.5,150.2,,0.07%
10/26/2023,150.2,150.1,150.45,150.1,,0.07%
10/25/2023,150.1,150.1,150.3,149.85,,0.00%
10/24/2023,150.1,150.05,150.2,149.75,,0.07%
10/23/2023,150,149.95,150.2,149.8,,0.00%
10/20/2023,150,149.88,150,149.88,,0.20%
10/19/2023,149.7,149.65,150,149.65,,-0.07%
10/18/2023,149.8,149.4,149.9,149.4,,0.17%
10/17/2023,149.55,149.5,149.65,149.3,,0.23%
10/16/2023,149.2,149.35,149.5,149.05,,0.00%
10/13/2023,149.2,149.05,149.4,148.9,,0.10%
10/12/2023,149.05,148.9,149.2,148.7,,0.10%
10/11/2023,148.9,148.9,149.05,148.7,,0.74%
10/10/2023,147.8,148.9,148.9,147.8,,-0.67%
10/09/2023,148.8,148.8,148.9,148.45,,0.07%
10/06/2023,148.7,148.7,148.8,148.65,,0.07%
10/05/2023,148.6,148.4,148.85,148.4,,0.03%
10/04/2023,148.55,148.5,148.65,148.3,,0.10%
10/03/2023,148.4,148.2,148.5,148.15,,0.10%
10/02/2023,148.25,148.1,148.35,148.1,,0.10%
09/29/2023,148.1,148.05,148.3,148,,0.07%
09/28/2023,148,148,148.15,147.9,,0.10%
09/27/2023,147.85,147.7,148,147.7,,0.10%
09/26/2023,147.7,147.5,147.9,147.5,,0.07%
09/25/2023,147.6,147.4,147.75,147.15,,0.20%
09/22/2023,147.3,147.3,147.5,147.2,,0.00%
09/21/2023,147.3,147.3,147.4,147.05,,0.10%
09/20/2023,147.15,147.2,147.35,147.05,,0.10%
09/19/2023,147,147.05,147.2,146.9,,0.03%
09/18/2023,146.95,146.9,147.05,146.7,,0.10%
09/15/2023,146.8,146.7,146.95,146.6,,0.07%
09/14/2023,146.7,146.6,146.9,146.5,,0.07%
09/13/2023,146.6,146.35,146.7,146.35,,0.10%
09/12/2023,146.45,146.3,146.55,146.25,,0.10%
09/11/2023,146.3,146.1,146.4,146.1,,0.10%
09/08/2023,146.15,146.05,146.3,145.9,,0.03%
09/07/2023,146.1,146.05,146.3,146,,0.10%
09/06/2023,145.95,145.9,146.1,145.8,,0.07%
09/05/2023,145.85,145.8,146,145.6,,0.10%
09/04/2023,145.7,145.7,145.85,145.5,,0.07%
09/01/2023,145.6,145.55,145.7,145.3,,0.14%
08/31/2023,145.4,145.3,145.6,145.2,,0.07%
08/30/2023,145.3,145.3,145.5,145.1,,0.07%
08/29/2023,145.2,145.2,145.3,144.9,,0.07%
08/28/2023,145.1,145.05,145.25,144.8,,0.14%
08/25/2023,144.9,144.85,145.05,144.7,,0.10%
08/24/2023,144.75,144.7,144.9,144.6,,0.07%
08/23/2023,144.65,144.45,144.8,144.35,,0.21%
08/22/2023,144.35,144.35,144.65,144.25,,0.03%
08/21/2023,144.3,144.3,144.45,144.05,,0.07%
08/18/2023,144.2,144.15,144.35,144.1,,0.00%
08/17/2023,144.2,144,144.3,143.85,,0.17%
08/16/2023,143.95,143.875,144.1,143.7,,0.10%
08/15/2023,143.8,143.7,144.05,143.55,,0.14%
08/14/2023,143.6,143.6,143.9,143.5,,0.07%
08/11/2023,143.5,143.55,143.65,143.25,,0.00%
08/10/2023,143.5,143.5,143.6,143.25,,0.07%
08/09/2023,143.4,143.2,143.5,143.2,,0.10%
08/08/2023,143.25,143.15,143.35,142.9,,0.10%
08/07/2023,143.1,143,143.35,142.9,,0.14%
08/04/2023,142.9,142.85,143.1,142.7,,0.14%
08/03/2023,142.7,142.7,143,142.7,,0.04%
08/02/2023,142.65,142.7,142.8,142.55,,0.04%
08/01/2023,142.6,142.45,142.7,142.2,,0.07%
07/31/2023,142.5,142.4,142.6,142.2,,0.14%
07/28/2023,142.3,142.2,142.45,142.1,,0.04%
07/27/2023,142.25,142.2,142.35,142.05,,0.07%
07/26/2023,142.15,142.1,142.25,142,,0.07%
07/25/2023,142.05,142,142.15,141.8,,0.07%
07/24/2023,141.95,141.7,142.1,141.7,,0.14%
07/21/2023,141.75,141.7,141.9,141.65,,0.04%
07/20/2023,141.7,141.7,141.82,141.545,,0.04%
07/19/2023,141.65,141.575,141.75,141.5,,0.11%
07/18/2023,141.5,141.5,141.65,141.4,,0.04%
07/17/2023,141.45,141.425,141.7,141.35,,0.07%
07/14/2023,141.35,141.375,141.5,141.2,,0.04%
07/13/2023,141.3,141.25,141.4,141.1,,0.14%
07/12/2023,141.1,141.2,141.35,141.175,,0.00%
07/11/2023,141.1,141.05,141.25,140.95,,0.07%
07/10/2023,141,140.975,141.15,140.8,,0.11%
07/07/2023,140.85,140.95,141.05,140.6,,0.00%
07/06/2023,140.85,140.75,140.95,140.65,,0.11%
07/05/2023,140.7,140.7,140.8,140.6,,0.04%
07/04/2023,140.65,140.6,140.75,140.5,,0.04%
07/03/2023,140.6,140.55,140.75,140.5,,0.07%
06/30/2023,140.5,140.5,140.65,140.4,,0.07%
06/29/2023,140.4,140.45,140.6,140.4,,0.80%
06/28/2023,139.29,140.45,140.45,139.29,,-0.76%
06/27/2023,140.35,140.45,140.5,140.425,,0.00%
06/26/2023,140.35,140.45,140.45,140.4,,0.00%
06/23/2023,140.35,140.45,140.45,140.2,,0.04%
06/22/2023,140.3,140.25,140.45,140.1,,0.07%
06/21/2023,140.2,139.95,140.35,139.95,,0.07%
06/20/2023,140.1,140.1,140.3,139.9,,0.04%
06/19/2023,140.05,140.1,140.2,139.9,,0.04%
06/16/2023,140,139.9,140.15,139.7,,0.14%
06/15/2023,139.8,139.7,139.95,139.65,,0.14%
06/14/2023,139.6,139.6,139.8,139.35,,0.04%
06/13/2023,139.55,139.4,139.7,139.2,,0.14%
06/12/2023,139.35,139.35,139.62,139.2,,0.04%
06/09/2023,139.3,139.225,139.45,139.1,,0.11%
06/08/2023,139.15,139.1,139.45,139,,0.07%
06/07/2023,139.05,138.95,139.2,138.8,,0.18%
06/06/2023,138.8,138.85,139.05,138.6,,0.00%
06/05/2023,138.8,138.75,138.95,138.5,,0.07%
06/02/2023,138.7,138.6,138.8,138.4,,1.28%
06/01/2023,136.945,138.65,138.65,136.945,,-1.12%
05/31/2023,138.5,138.475,138.8,138.4,,0.11%
05/30/2023,138.35,138.45,138.6,138.3,,0.00%
05/29/2023,138.35,138.35,138.55,138.1,,0.07%
05/26/2023,138.25,138.2,138.4,137.9,,0.04%
05/25/2023,138.2,138.1,138.3,137.95,,0.14%
05/24/2023,138,137.9,138.25,137.7,,0.07%
05/23/2023,137.9,137.75,138.1,137.5,,0.15%
05/22/2023,137.7,137.7,137.85,137.5,,0.22%
05/19/2023,137.4,137.55,137.7,137.4,,0.00%
05/18/2023,137.4,137.4,137.6,137.2,,0.22%
05/17/2023,137.1,136.95,137.6,136.95,,-0.04%
05/16/2023,137.15,137.1,137.3,136.9,,0.11%
05/15/2023,137,137,137.15,136.8,,0.07%
05/12/2023,136.9,136.9,137.05,136.65,,0.07%
05/11/2023,136.8,136.7,136.95,136.7,,0.11%
05/10/2023,136.65,136.6,136.85,136.55,,0.04%
05/09/2023,136.6,136.6,136.8,136.55,,0.07%
05/08/2023,136.5,136.45,136.65,136.35,,0.11%
05/05/2023,136.35,136.1,136.65,136.1,,0.00%
05/04/2023,136.35,136.2,136.45,136.1,,0.18%
05/03/2023,136.1,136.15,136.3,135.85,,0.04%
05/02/2023,136.05,135.975,136.3,135.85,,0.11%
04/28/2023,135.9,135.9,136.1,135.6,,0.07%
04/27/2023,135.8,135.825,136.05,135.6,,0.04%
04/26/2023,135.75,135.625,135.9,135.55,,0.11%
04/25/2023,135.6,135.45,135.7,135.4,,0.18%
04/24/2023,135.35,135.3,135.6,135.1,,0.07%
04/20/2023,135.25,135.25,135.4,135.05,,0.11%
04/19/2023,135.1,134.9,135.3,134.7,,0.15%
04/18/2023,134.9,134.725,135.05,134.5,,0.19%
04/17/2023,134.65,134.5,134.8,134.475,,0.15%
04/14/2023,134.45,134.4,134.6,134.1,,0.11%
04/13/2023,134.3,133.95,134.45,133.8,,0.37%
04/12/2023,133.8,133.7,134,133.625,,0.19%
04/11/2023,133.55,133.6,133.8,133.525,,0.04%
04/06/2023,133.5,133.25,133.65,133.2,,0.30%
04/05/2023,133.1,132.9,133.6,132.8,,0.23%
04/04/2023,132.8,132.6,133,132.5,,0.23%
04/03/2023,132.5,132.3,132.85,132.3,,0.08%
03/31/2023,132.4,132.35,132.75,132.15,,0.23%
03/30/2023,132.1,132.05,132.55,131.9,,0.08%
03/29/2023,132,131.725,132.2,131.6,,0.23%
03/28/2023,131.7,131.6,131.9,131.4,,0.19%
03/27/2023,131.45,131.45,131.6,131.3,,0.11%
03/24/2023,131.3,131.1,131.5,131.1,,0.08%
03/23/2023,131.2,130.6,131.4,130.6,,0.31%
03/22/2023,130.8,130.6,131.1,130.3,,0.31%
03/21/2023,130.4,130.3,130.7,129.9,,0.38%
03/20/2023,129.9,129.9,130.5,129.8,,0.00%
03/17/2023,129.9,129.8,130.2,129.6,,0.15%
03/16/2023,129.7,129.7,130.1,129.6,,0.00%
03/15/2023,129.7,129.4,130,129.4,,0.23%
03/14/2023,129.4,129.5,129.9,129.25,,0.00%
03/13/2023,129.4,129.3,129.8,128.9,,-0.08%
03/10/2023,129.5,128.8,129.7,128.7,,0.74%
03/09/2023,128.55,128.3,129.2,128.3,,0.19%
03/08/2023,128.3,128.6,128.8,128.1,,-0.04%
03/07/2023,128.35,128,128.6,127.8,,0.27%
03/06/2023,128,127.8,128.4,127.5,,0.39%
03/03/2023,127.5,127.25,128,127.1,,0.16%
03/02/2023,127.3,127.05,127.8,126.85,,0.16%
03/01/2023,127.1,127.2,127.6,126.85,,0.20%
02/28/2023,126.85,126.8,127.3,126.6,,0.04%
02/27/2023,126.8,126.8,127.1,126.2,,0.20%
02/24/2023,126.55,126.4,126.9,126.15,,0.28%
02/23/2023,126.2,126.1,126.7,126.1,,0.16%
02/22/2023,126,125.95,126.5,125.9,,0.04%
02/21/2023,125.95,125.75,126.3,125.75,,-0.04%
02/20/2023,126,125.7,126.1,125.45,,0.40%
02/17/2023,125.5,125.6,125.95,125.4,,-0.04%
02/16/2023,125.55,125.55,125.7,125.3,,0.12%
02/15/2023,125.4,125.25,125.6,125.1,,0.32%
02/14/2023,125,125.25,125.5,125.1,,-0.12%
02/13/2023,125.15,125.15,125.4,125,,0.04%
02/10/2023,125.1,125,125.3,124.85,,0.00%
02/09/2023,125.1,125,125.2,124.85,,0.16%
02/08/2023,124.9,124.75,125.1,124.65,,0.08%
02/07/2023,124.8,124.7,125,124.5,,0.00%
02/06/2023,124.8,124.6,124.95,124.45,,0.12%
02/03/2023,124.65,124.55,124.8,124.3,,0.16%
02/02/2023,124.45,124.5,124.7,124.4,,0.04%
02/01/2023,124.4,124.45,124.6,124.35,,0.00%
01/31/2023,124.4,124.5,124.55,124.4,,0.04%
01/30/2023,124.35,124.4,124.5,124.3,,0.04%
01/27/2023,124.3,124.3,124.45,124.3,,0.04%
01/26/2023,124.25,124.2,124.4,124.2,,0.12%
01/25/2023,124.1,124.2,124.35,124.05,,-0.08%
01/24/2023,124.2,124.2,124.3,124.05,,0.12%
01/23/2023,124.05,124.1,124.25,123.9,,0.04%
01/20/2023,124,124.1,124.2,123.95,,0.04%
01/19/2023,123.95,124.05,124.15,123.99,0.06K,0.00%
01/18/2023,123.95,124,124.1,123.7,0.05K,0.08%
01/17/2023,123.85,123.9,124.1,123.9,0.05K,0.04%
01/16/2023,123.8,123.8,124,123.7,0.06K,0.04%
01/13/2023,123.75,123.8,124.1,123.775,0.05K,0.04%
01/12/2023,123.7,123.65,123.9,123.6,0.05K,-0.04%
01/11/2023,123.75,123.6,123.85,123.6,0.04K,0.12%
01/10/2023,123.6,123.6,123.8,123.4,0.06K,0.04%
01/09/2023,123.55,123.55,123.75,123.5,0.04K,0.08%
01/06/2023,123.45,123.525,123.65,123.45,0.04K,-0.04%
01/05/2023,123.5,123.55,123.6,123.2,0.04K,0.16%
01/04/2023,123.3,123.4,123.55,123.4,0.04K,-0.08%
01/03/2023,123.4,123.4,123.5,123.05,0.03K,0.08%
12/30/2022,123.3,123.35,123.5,123.25,0.04K,0.00%
12/29/2022,123.3,123.25,123.45,123.2,0.04K,0.12%
12/28/2022,123.15,123.1,123.4,123.1,0.05K,0.00%
12/23/2022,123.15,123.25,123.35,123.1,0.04K,0.12%
12/22/2022,123,123.15,123.3,123.1,0.04K,-0.04%
12/21/2022,123.05,123.15,123.25,122.9,0.04K,-0.04%
12/20/2022,123.1,123.05,123.2,123.05,0.04K,0.08%
12/19/2022,123,123,123.15,122.95,0.06K,0.04%
12/16/2022,122.95,122.95,123.1,122.9,0.04K,0.04%
12/15/2022,122.9,122.95,123.05,122.85,0.03K,0.12%
12/14/2022,122.75,122.9,123,122.7,0.06K,-0.04%
12/13/2022,122.8,122.8,122.95,122.7,0.05K,0.08%
12/12/2022,122.7,122.8,122.8,122.8,,-0.04%
12/09/2022,122.75,122.75,122.9,122.55,0.07K,0.00%
12/08/2022,122.75,122.7,122.9,122.625,0.03K,0.04%
12/07/2022,122.7,122.7,122.8,122.5,0.06K,0.08%
12/06/2022,122.6,122.55,122.75,122.45,0.05K,0.00%
12/05/2022,122.6,122.55,122.75,122.35,0.06K,0.20%
12/02/2022,122.35,122.5,122.65,122.35,0.05K,-0.08%
12/01/2022,122.45,122.45,122.6,122.3,0.04K,0.08%
11/30/2022,122.35,122.475,122.55,122.25,0.07K,0.00%
11/29/2022,122.35,122.35,122.5,122.3,0.05K,0.00%
11/28/2022,122.35,122.2,122.45,122,0.06K,0.08%
11/25/2022,122.25,122.2,122.4,122.15,0.06K,0.08%
11/24/2022,122.15,122.2,122.35,122.15,0.04K,-0.04%
11/23/2022,122.2,122.1,122.3,122.1,0.06K,0.12%
11/22/2022,122.05,122.1,122.25,122.05,0.03K,-0.04%
11/21/2022,122.1,122.05,122.2,122.025,0.04K,0.08%
11/18/2022,122,122,122.15,121.95,0.04K,0.08%
11/17/2022,121.9,121.8,122.1,121.8,0.04K,0.00%
11/16/2022,121.9,121.9,122.05,121.7,0.05K,0.00%
11/15/2022,121.9,121.85,122,121.8,0.03K,0.08%
11/14/2022,121.8,121.75,121.95,121.5,0.05K,0.00%
11/11/2022,121.8,121.7,121.9,121.7,0.04K,0.08%
11/10/2022,121.7,121.7,121.85,121.65,0.04K,0.00%
11/09/2022,121.7,121.55,121.85,121.5,0.05K,0.08%
11/08/2022,121.6,121.5,121.8,121.5,0.03K,0.04%
11/07/2022,121.55,121.5,121.7,121.475,0.04K,0.12%
11/04/2022,121.4,121.45,121.65,121.15,0.04K,-0.04%
11/03/2022,121.45,121.4,121.6,121.4,0.03K,0.08%
11/02/2022,121.35,121.45,121.55,121.35,0.03K,0.08%
11/01/2022,121.25,121.4,121.5,121.3,0.03K,0.00%
10/31/2022,121.25,121.35,121.45,121.15,0.05K,-0.04%
10/28/2022,121.3,121.35,121.4,121.15,0.04K,0.08%
10/27/2022,121.2,121.25,121.35,121.2,0.03K,0.04%
10/26/2022,121.15,121.2,121.31,121.1,0.06K,0.00%
10/25/2022,121.15,121.25,121.25,121.15,0.03K,0.04%
10/24/2022,121.1,121.2,121.25,121.1,0.03K,0.00%
10/21/2022,121.1,120.85,121.2,120.85,0.03K,0.00%
10/19/2022,121.1,121.15,121.2,120.85,0.05K,0.04%
10/18/2022,121.05,121,121.15,120.95,0.04K,0.08%
10/17/2022,120.95,120.7,121.11,120.7,0.04K,0.04%
10/14/2022,120.9,120.9,121.1,120.85,0.05K,0.00%
10/13/2022,120.9,120.9,121.05,120.75,0.03K,0.08%
10/12/2022,120.8,120.75,121,120.75,0.05K,0.00%
10/11/2022,120.8,120.9,120.99,120.7,0.03K,0.04%
10/07/2022,120.75,120.825,120.9,120.75,0.02K,0.00%
10/06/2022,120.75,120.9,120.9,120.75,0.02K,0.04%
10/05/2022,120.7,120.7,120.9,120.7,0.02K,0.00%
10/04/2022,120.7,120.75,120.85,120.7,0.03K,0.04%
10/03/2022,120.65,120.7,120.85,120.65,0.03K,0.00%
09/30/2022,120.65,120.7,120.85,120.7,0.02K,0.04%
09/29/2022,120.6,120.6,120.8,120.6,0.03K,0.08%
09/28/2022,120.5,120.6,120.75,120.6,0.03K,-0.08%
09/27/2022,120.6,120.5,120.75,120.35,0.04K,0.04%
09/26/2022,120.55,120.4,120.7,120.4,0.03K,0.12%
09/23/2022,120.4,120.525,120.65,120.45,0.03K,-0.08%
09/22/2022,120.5,120.5,120.65,120.45,0.02K,0.17%
09/21/2022,120.3,120.475,120.65,120.35,0.03K,-0.12%
09/20/2022,120.45,120.35,120.6,120.35,0.03K,0.04%
09/19/2022,120.4,120.4,120.55,120.3,0.02K,0.08%
09/16/2022,120.3,120.35,120.55,120.2,0.02K,0.00%
09/15/2022,120.3,120.4,120.5,120.18,0.03K,0.00%
09/14/2022,120.3,120.3,120.5,120.275,0.03K,0.00%
09/12/2022,120.3,120.3,120.45,120.2,0.03K,0.08%
09/09/2022,120.2,120.2,120.4,120.2,0.03K,0.00%
09/08/2022,120.2,120.2,120.35,120.2,0.03K,0.04%
09/07/2022,120.15,120.225,120.35,120.15,0.03K,0.00%
09/06/2022,120.15,120.15,120.35,120.125,0.02K,0.04%
09/05/2022,120.1,120.25,120.3,119.9,0.04K,0.04%
09/02/2022,120.05,120.05,120.35,120.05,0.03K,0.00%
09/01/2022,120.05,120,120.3,120,0.04K,-0.04%
08/31/2022,120.1,119.95,120.2,119.9,0.04K,0.08%
08/30/2022,120,119.95,120.1,119.9,0.03K,0.08%
08/29/2022,119.9,119.9,120.05,119.85,0.03K,0.08%
08/26/2022,119.8,119.9,120,119.6,0.03K,0.00%
08/25/2022,119.8,119.85,120,119.7,0.04K,0.04%
08/24/2022,119.75,119.7,119.95,119.7,0.05K,0.00%
08/23/2022,119.75,119.75,119.9,119.65,0.03K,0.08%
08/22/2022,119.65,119.35,119.85,119.35,0.06K,0.04%
08/19/2022,119.6,119.55,119.8,119.5,0.04K,0.13%
08/18/2022,119.45,119.55,119.7,119.35,0.04K,0.04%
08/17/2022,119.4,119.45,119.65,119.35,0.04K,0.00%
08/16/2022,119.4,119.45,119.6,119.35,0.04K,0.08%
08/15/2022,119.3,119.35,119.55,119.2,0.04K,-0.04%
08/12/2022,119.35,119.25,119.5,119.15,0.03K,0.13%
08/11/2022,119.2,119.1,119.45,119.1,0.05K,0.04%
08/10/2022,119.15,119.05,119.35,119.05,0.04K,0.04%
08/08/2022,119.1,119.075,119.3,119.05,0.03K,0.08%
08/05/2022,119,118.95,119.25,118.95,0.03K,-0.04%
08/04/2022,119.05,119,119.2,118.95,0.03K,0.17%
08/03/2022,118.85,118.9,119.15,118.9,0.03K,-0.04%
08/02/2022,118.9,118.85,119.15,118.825,0.06K,0.00%
08/01/2022,118.9,118.85,119,118.6,0.05K,0.08%
07/29/2022,118.8,118.7,118.95,118.6,0.04K,0.08%
07/28/2022,118.7,118.6,118.91,118.6,0.03K,0.04%
07/27/2022,118.65,118.6,118.85,118.6,0.03K,0.13%
07/26/2022,118.5,118.6,118.8,118.6,0.03K,-0.08%
07/25/2022,118.6,118.5,118.75,118.5,0.03K,0.04%
07/22/2022,118.55,118.5,118.7,118.5,0.02K,0.04%
07/21/2022,118.5,118.55,118.65,118.35,0.04K,0.04%
07/20/2022,118.45,118.35,118.65,118.2,0.04K,0.00%
07/19/2022,118.45,118.35,118.55,118.2,0.04K,0.13%
07/18/2022,118.3,118.3,118.5,118.15,0.03K,0.13%
07/15/2022,118.15,118.15,118.45,118.15,0.04K,0.04%
07/14/2022,118.1,118.25,118.4,118.2,0.03K,0.00%
07/13/2022,118.1,118.2,118.35,118.05,0.04K,0.04%
07/12/2022,118.05,118.1,118.35,118,0.03K,0.04%
07/08/2022,118,118.05,118.25,117.9,0.03K,0.00%
07/07/2022,118,118,118.2,118,0.03K,0.04%
07/06/2022,117.95,117.9,118.15,117.9,0.03K,0.04%
07/05/2022,117.9,117.95,118.1,117.9,0.03K,0.04%
07/04/2022,117.85,117.9,118.05,117.85,0.04K,0.04%
07/01/2022,117.8,117.85,118,117.8,0.03K,0.00%
06/30/2022,117.8,117.85,117.95,117.65,0.03K,0.08%
06/29/2022,117.7,117.75,117.9,117.55,0.03K,0.00%
06/28/2022,117.7,117.75,117.9,117.6,0.05K,0.04%
06/27/2022,117.65,117.7,117.8,117.2,0.03K,0.00%
06/24/2022,117.65,117.5,117.8,117.35,0.03K,0.13%
06/23/2022,117.5,117.55,117.75,117.35,0.05K,0.00%
06/22/2022,117.5,117.4,117.65,117.35,0.04K,0.09%
06/21/2022,117.4,117.4,117.6,117.2,0.05K,0.09%
06/20/2022,117.3,117.3,117.55,117.2,0.03K,0.04%
06/17/2022,117.25,117.2,117.45,117.2,0.04K,0.00%
06/16/2022,117.25,117.25,117.4,117.1,0.03K,0.04%
06/15/2022,117.2,117.2,117.35,117.1,0.04K,0.09%
06/14/2022,117.1,117.125,117.5,117,0.06K,0.00%
06/13/2022,117.1,117,117.35,116.9,0.06K,0.17%
06/10/2022,116.9,117.025,117.35,116.95,0.04K,-0.09%
06/09/2022,117,117,117.1,116.9,0.04K,0.04%
06/08/2022,116.95,116.85,117.07,116.75,0.04K,0.13%
06/07/2022,116.8,116.8,117,116.7,0.04K,0.00%
06/06/2022,116.8,116.8,116.95,116.7,0.04K,0.13%
06/03/2022,116.65,116.85,116.9,116.75,0.02K,-0.09%
06/02/2022,116.75,116.7,116.85,116.7,0.03K,0.04%
05/31/2022,116.7,116.75,116.9,116.45,0.06K,0.09%
05/30/2022,116.6,116.75,116.8,116.6,0.04K,0.00%
05/27/2022,116.6,116.65,116.75,116.4,0.03K,0.04%
05/26/2022,116.55,116.45,116.7,116.45,0.04K,0.04%
05/25/2022,116.5,116.575,116.65,116.45,0.04K,0.00%
05/24/2022,116.5,116.525,116.61,116.4,0.05K,0.09%
05/23/2022,116.4,116.45,116.55,116.35,0.04K,0.04%
05/20/2022,116.35,116.45,116.55,116.3,0.05K,0.04%
05/19/2022,116.3,116.35,116.45,116.15,0.03K,0.04%
05/18/2022,116.25,116.25,116.45,116.25,0.05K,0.00%
05/17/2022,116.25,116.175,116.5,116,0.06K,0.13%
05/16/2022,116.1,116.2,116.5,116,0.05K,0.00%
05/13/2022,116.1,116.15,116.2,116.1,0.03K,0.04%
05/12/2022,116.05,116.075,116.15,116.075,0.03K,0.04%
05/11/2022,116,116.025,116.15,115.9,0.04K,0.04%
05/10/2022,115.95,115.95,116.1,115.75,0.05K,0.04%
05/09/2022,115.9,115.9,116.06,115.75,0.04K,0.04%
05/06/2022,115.85,115.9,116,115.8,0.04K,0.09%
05/05/2022,115.75,115.85,116,115.55,0.05K,0.00%
05/04/2022,115.75,115.8,115.9,115.65,0.04K,0.04%
04/28/2022,115.7,115.8,115.85,115.55,0.03K,0.04%
04/27/2022,115.65,115.75,115.8,115.7,0.03K,0.00%
04/26/2022,115.65,115.675,115.75,115.35,0.04K,0.04%
04/25/2022,115.6,115.675,115.75,115.5,0.05K,0.00%
04/22/2022,115.6,115.6,115.7,115.5,0.05K,0.09%
04/21/2022,115.5,115.55,115.65,115.35,0.04K,0.04%
04/20/2022,115.45,115.5,115.55,115.425,0.03K,0.13%
04/19/2022,115.3,115.2,115.55,115.2,0.03K,-0.09%
04/14/2022,115.4,115.45,115.51,115.35,0.04K,0.04%
04/13/2022,115.35,115.4,115.45,115.35,0.03K,0.00%
04/12/2022,115.35,115.45,115.45,115.35,0.05K,0.00%
04/11/2022,115.35,115.4,115.46,115.2,0.06K,0.09%
04/08/2022,115.25,115.3,115.4,115.1,0.02K,0.04%
04/07/2022,115.2,115.2,115.35,115.1,0.06K,0.00%
04/06/2022,115.2,115.1,115.3,115,0.06K,0.13%
04/05/2022,115.05,115.1,115.2,115.05,0.04K,0.04%
04/04/2022,115,115.1,115.1,114.9,0.05K,0.04%
04/01/2022,114.95,114.9,115.1,114.9,0.04K,0.04%
03/31/2022,114.9,114.85,115,114.85,0.04K,0.04%
03/30/2022,114.85,114.9,115,114.6,0.06K,0.04%
03/29/2022,114.8,114.8,115,114.75,0.04K,0.09%
03/28/2022,114.7,114.75,114.85,114.6,0.05K,0.00%
03/25/2022,114.7,114.625,114.85,114.55,0.06K,0.17%
03/24/2022,114.5,114.55,114.75,114.4,0.07K,0.04%
03/23/2022,114.45,114.4,114.65,114.4,0.08K,0.00%
03/22/2022,114.45,114.4,114.6,114.4,0.05K,0.09%
03/21/2022,114.35,114.35,114.45,114.3,0.04K,0.04%
03/18/2022,114.3,114.3,114.45,114.2,0.04K,0.00%
03/17/2022,114.3,114.3,114.45,114.25,0.05K,0.04%
03/16/2022,114.25,114.1,114.35,114.1,0.04K,0.09%
03/15/2022,114.15,114.2,114.45,114.1,0.05K,0.00%
03/14/2022,114.15,114.2,114.25,114.125,0.04K,0.04%
03/11/2022,114.1,114.1,114.2,114.075,0.02K,0.09%
03/10/2022,114,114.1,114.25,114.05,0.06K,0.00%
03/09/2022,114,114.05,114.2,113.95,0.05K,0.00%
03/08/2022,114,114,114.18,113.7,0.07K,0.04%
03/07/2022,113.95,113.9,114.05,113.7,0.06K,0.04%
03/04/2022,113.9,113.9,114,113.7,0.03K,0.04%
03/03/2022,113.85,113.875,114.05,113.8,0.04K,0.04%
03/02/2022,113.8,113.85,114,113.7,0.04K,0.04%
03/01/2022,113.75,113.85,113.9,113.75,0.03K,0.00%
02/28/2022,113.75,113.85,113.85,113.55,0.02K,0.00%
02/25/2022,113.75,113.85,113.85,113.75,0.02K,0.00%
02/24/2022,113.75,113.8,113.85,113.55,0.03K,0.04%
02/23/2022,113.7,113.7,113.88,113.6,0.07K,0.09%
02/22/2022,113.6,113.7,113.8,113.55,0.04K,0.00%
02/21/2022,113.6,113.65,113.75,113.65,0.03K,0.00%
02/18/2022,113.6,113.7,113.7,113.6,0.02K,0.09%
02/17/2022,113.5,113.65,113.75,113.6,0.04K,0.00%
02/16/2022,113.5,113.65,113.7,113.6,0.02K,-0.04%
02/15/2022,113.55,113.6,113.65,113.55,0.03K,0.00%
02/14/2022,113.55,113.6,113.65,113.55,0.02K,0.04%
02/11/2022,113.5,113.6,113.65,113.6,0.01K,-0.04%
02/10/2022,113.55,113.6,113.655,113.55,0.02K,0.00%
02/09/2022,113.55,113.65,113.65,113.55,0.02K,0.04%
02/08/2022,113.5,113.6,113.65,113.55,0.03K,-0.04%
02/07/2022,113.55,113.55,113.7,113.55,0.02K,0.04%
02/04/2022,113.5,113.65,113.7,113.5,0.02K,0.04%
02/03/2022,113.45,113.55,113.65,113.55,0.02K,0.00%
02/02/2022,113.45,113.55,113.62,113.55,0.02K,-0.04%
02/01/2022,113.5,113.55,113.6,113.5,0.02K,0.00%
01/31/2022,113.5,113.55,113.62,113.55,0.02K,0.04%
01/28/2022,113.45,113.525,113.6,113.525,0.03K,-0.09%
01/27/2022,113.55,113.525,113.65,113.45,0.04K,0.09%
01/26/2022,113.45,113.4,113.55,113.4,0.02K,-0.09%
01/25/2022,113.55,113.55,113.65,113.5,0.02K,0.04%
01/24/2022,113.5,113.4,113.6,113.2,0.03K,0.00%
01/21/2022,113.5,113.5,113.6,113.45,0.02K,0.04%
01/20/2022,113.45,113.45,113.65,113.425,0.04K,0.09%
01/19/2022,113.35,113.45,113.55,113.4,0.03K,-0.04%
01/18/2022,113.4,113.4,113.55,113.2,0.04K,0.04%
01/17/2022,113.35,113.35,113.45,113.3,0.04K,0.00%
01/14/2022,113.35,113.4,113.45,113.25,0.03K,0.09%
01/13/2022,113.25,113.3,113.42,113.25,0.04K,0.09%
01/12/2022,113.15,113.25,113.4,113.15,0.03K,-0.09%
01/11/2022,113.25,113.35,113.4,113.15,0.03K,0.04%
01/10/2022,113.2,113.25,113.35,112.9,0.04K,0.00%
01/07/2022,113.2,113.2,113.3,113.15,0.02K,0.13%
01/06/2022,113.05,113.1,113.25,113.1,0.03K,-0.09%
01/05/2022,113.15,113.2,113.27,113.1,0.03K,0.09%
01/04/2022,113.05,113.15,113.25,113.1,0.04K,0.00%
01/03/2022,113.05,113,113.2,113,0.02K,0.00%
12/31/2021,113.05,113.15,113.2,112.9,0.02K,0.00%
12/30/2021,113.05,113.15,113.2,112.95,0.06K,0.00%
12/29/2021,113.05,113.15,113.2,112.95,0.02K,0.04%
12/28/2021,113,113.15,113.2,113,0.02K,0.00%
12/24/2021,113,113.15,113.15,112.9,0.04K,0.00%
12/23/2021,113,113.025,113.15,112.9,0.03K,0.04%
12/22/2021,112.95,113.05,113.15,112.9,0.02K,0.09%
12/21/2021,112.85,112.95,113.15,112.85,0.03K,-0.09%
12/20/2021,112.95,112.95,113.15,112.9,0.03K,0.04%
12/17/2021,112.9,112.9,113.1,112.9,0.03K,0.00%
12/16/2021,112.9,112.9,113.1,112.65,0.04K,0.09%
12/15/2021,112.8,112.9,113.05,112.8,0.03K,0.00%
12/14/2021,112.8,112.9,113,112.85,0.01K,0.00%
12/10/2021,112.8,112.85,113,112.65,0.04K,0.00%
12/09/2021,112.8,112.8,112.95,112.75,0.04K,0.00%
12/08/2021,112.8,112.775,112.9,112.55,0.07K,0.04%
12/07/2021,112.75,112.7,112.9,112.65,0.06K,0.09%
12/06/2021,112.65,112.6,112.75,112.6,0.03K,0.04%
12/03/2021,112.6,112.65,112.75,112.55,0.04K,0.04%
12/02/2021,112.55,112.5,112.7,112.45,0.04K,0.04%
12/01/2021,112.5,112.5,112.65,112.3,0.04K,0.04%
11/30/2021,112.45,112.55,112.55,112.4,0.04K,0.00%
11/29/2021,112.45,112.45,112.75,112.25,0.04K,0.00%
11/26/2021,112.45,112.35,112.55,112.3,0.04K,0.13%
11/25/2021,112.3,112.25,112.45,112.2,0.03K,0.00%
11/24/2021,112.3,112.2,112.4,112.2,0.04K,0.04%
11/23/2021,112.25,112.3,112.4,112.2,0.05K,0.04%
11/22/2021,112.2,112.3,112.4,112.05,0.05K,0.18%
11/19/2021,112,112.3,112.35,112.025,0.05K,-0.09%
11/18/2021,112.1,111.9,112.3,111.9,0.05K,0.18%
11/17/2021,111.9,111.9,112.25,111.9,0.05K,0.00%
11/16/2021,111.9,111.9,112.15,111.8,0.04K,0.04%
11/15/2021,111.85,111.9,112.1,111.65,0.05K,0.09%
11/12/2021,111.75,111.8,112.05,111.7,0.06K,-0.04%
11/11/2021,111.8,111.75,111.95,111.6,0.05K,0.09%
11/10/2021,111.7,111.6,112,111.5,0.06K,0.00%
11/09/2021,111.7,111.6,111.85,111.5,0.04K,0.13%
11/08/2021,111.55,111.6,111.76,111.5,0.05K,0.04%
11/05/2021,111.5,111.3,111.65,111.3,0.03K,0.00%
11/04/2021,111.5,111.25,111.67,111.25,0.08K,0.22%
11/03/2021,111.25,111.35,111.6,111.05,0.05K,0.00%
11/02/2021,111.25,111.2,111.45,111.2,0.04K,0.04%
11/01/2021,111.2,111.15,111.4,110.9,0.04K,0.00%
10/29/2021,111.2,111.15,111.4,111.15,0.03K,0.09%
10/28/2021,111.1,111,111.3,111,0.05K,0.09%
10/27/2021,111,111,111.2,111,0.02K,-0.05%
10/26/2021,111.05,111,111.2,110.9,0.03K,0.00%
10/25/2021,111.05,111.15,111.2,110.9,0.03K,0.05%
10/22/2021,111,110.9,111.15,110.9,0.02K,0.09%
10/21/2021,110.9,110.9,111.1,110.85,0.05K,-0.05%
10/19/2021,110.95,110.9,111.15,110.85,0.08K,0.09%
10/18/2021,110.85,110.75,110.95,110.75,0.03K,0.05%
10/15/2021,110.8,110.9,110.95,110.75,0.03K,0.05%
10/14/2021,110.75,110.65,110.9,110.65,0.05K,0.00%
10/13/2021,110.75,110.75,110.85,110.6,0.04K,0.05%
10/12/2021,110.7,110.55,110.85,110.55,0.03K,0.05%
10/08/2021,110.65,110.5,110.8,110.5,0.02K,0.00%
10/07/2021,110.65,110.65,110.8,110.5,0.04K,0.05%
10/06/2021,110.6,110.6,110.75,110.4,0.06K,0.05%
10/05/2021,110.55,110.4,110.7,110.4,0.06K,0.05%
10/04/2021,110.5,110.5,110.65,110.4,0.05K,0.05%
10/01/2021,110.45,110.35,110.55,110.35,0.02K,0.05%
09/30/2021,110.4,110.5,110.5,110.35,0.02K,0.04%
09/29/2021,110.36,110.4,110.5,110.15,0.05K,-0.04%
09/28/2021,110.4,110.3,110.5,110.15,0.05K,0.09%
09/27/2021,110.3,110.4,110.45,110.15,0.03K,0.09%
09/24/2021,110.2,110.25,110.4,110.2,0.03K,-0.09%
09/23/2021,110.3,110.375,110.4,110.15,0.06K,0.00%
09/22/2021,110.3,110.15,110.4,110,0.08K,0.09%
09/21/2021,110.2,110.15,110.3,110.05,0.06K,0.09%
09/20/2021,110.1,110.1,110.2,109.85,0.05K,0.05%
09/17/2021,110.05,110,110.2,109.85,0.07K,0.09%
09/16/2021,109.95,110.05,110.15,109.85,0.06K,0.05%
09/15/2021,109.9,109.9,110.1,109.85,0.07K,0.05%
09/14/2021,109.85,109.7,110.05,109.7,0.07K,0.05%
09/13/2021,109.8,110.15,110.15,109.85,0.03K,0.00%
09/10/2021,109.8,109.85,110.15,109.84,0.02K,0.05%
09/09/2021,109.75,110.1,110.15,109.775,0.15K,-0.23%
09/08/2021,110,110.05,110.2,109.8,0.06K,0.04%
09/07/2021,109.96,110,110.2,109.9,0.07K,0.01%
09/06/2021,109.95,109.95,110.12,109.8,0.04K,0.05%
09/03/2021,109.9,110,110.05,109.8,0.04K,0.00%
09/02/2021,109.9,109.75,110.1,109.75,0.07K,0.09%
09/01/2021,109.8,109.9,109.95,109.8,0.04K,0.00%
08/31/2021,109.8,109.85,109.935,109.75,0.05K,0.05%
08/30/2021,109.75,109.75,109.92,109.5,0.06K,0.00%
08/27/2021,109.75,109.75,109.86,109.45,0.06K,0.05%
08/26/2021,109.7,109.7,109.82,109.45,0.06K,0.05%
08/25/2021,109.65,109.65,109.75,109.5,0.07K,0.09%
08/24/2021,109.55,109.6,109.65,109.4,0.03K,0.05%
08/23/2021,109.5,109.55,109.65,109.45,0.04K,0.05%
08/20/2021,109.45,109.4,109.6,109.25,0.04K,0.00%
08/19/2021,109.45,109.25,109.6,109.25,0.06K,0.05%
08/18/2021,109.4,109.4,109.55,109.1,0.06K,0.05%
08/17/2021,109.35,109.325,109.45,109.1,0.08K,0.05%
08/16/2021,109.3,109.3,109.4,109.1,0.09K,0.09%
08/13/2021,109.2,109.15,109.3,109,0.06K,0.09%
08/12/2021,109.1,109.1,109.3,109,0.07K,0.05%
08/11/2021,109.05,109,109.2,108.75,0.11K,0.09%
08/10/2021,108.95,108.85,109.05,108.55,0.12K,0.18%
08/09/2021,108.75,108.75,108.9,108.55,0.06K,0.05%
08/06/2021,108.7,108.7,108.8,108.55,0.04K,0.05%
08/05/2021,108.65,108.7,108.75,108.55,0.05K,0.05%
08/04/2021,108.6,108.65,108.7,108.65,0.04K,0.05%
08/03/2021,108.55,108.55,108.65,108.55,0.03K,0.00%
08/02/2021,108.55,108.6,108.65,108.55,0.03K,0.05%
07/30/2021,108.5,108.6,108.65,108.55,0.03K,0.00%
07/29/2021,108.5,108.6,108.65,108.55,0.03K,0.00%
07/28/2021,108.5,108.55,108.7,108.35,0.08K,0.09%
07/27/2021,108.4,108.45,108.6,108.3,0.05K,0.05%
07/26/2021,108.35,108.3,108.55,107.95,0.15K,0.14%
07/23/2021,108.2,108.2,108.3,108.1,0.08K,0.09%
07/22/2021,108.1,108.2,108.2,107.95,0.01K,0.00%
07/21/2021,108.1,108.2,108.2,108.19,0.00K,0.00%
07/19/2021,108.1,108.2,108.3,108.05,0.02K,0.00%
07/16/2021,108.1,108.2,108.2,107.9,0.03K,0.00%
07/15/2021,108.1,108,108.25,107.9,0.11K,0.14%
07/14/2021,107.95,107.975,108.05,107.9,0.06K,0.05%
07/13/2021,107.9,107.95,108,107.9,0.04K,0.05%
07/12/2021,107.85,107.95,107.95,107.9,0.01K,0.00%
07/09/2021,107.85,107.95,107.95,107.9,0.01K,0.00%
07/08/2021,107.85,107.95,107.95,107.95,,0.00%
07/07/2021,107.85,107.95,107.95,107.95,,0.00%
07/06/2021,107.85,107.95,107.95,107.95,,0.00%
07/05/2021,107.85,107.95,107.95,107.75,0.01K,0.00%
07/02/2021,107.85,107.95,108,107.9,0.01K,0.00%
07/01/2021,107.85,107.9,108.05,107.8,0.06K,0.05%
06/30/2021,107.8,107.85,108,107.75,0.07K,0.05%
06/29/2021,107.75,107.8,108.15,107.75,0.07K,0.05%
06/28/2021,107.7,107.75,107.85,107.73,0.05K,0.05%
06/25/2021,107.65,107.75,107.8,107.74,0.01K,0.28%
06/24/2021,107.35,107.8,107.8,107.45,0.04K,-0.28%
06/23/2021,107.65,107.8,107.8,107.75,0.05K,-0.05%
06/22/2021,107.7,107.8,107.8,107.745,0.03K,0.00%
06/21/2021,107.7,107.8,107.8,107.75,0.02K,0.00%
06/18/2021,107.7,107.8,107.8,107.77,0.02K,0.00%
06/17/2021,107.7,107.8,107.9,107.75,0.01K,0.00%
06/16/2021,107.7,107.75,107.9,107.75,0.05K,0.05%
06/15/2021,107.65,107.8,107.9,107.75,0.05K,-0.05%
06/14/2021,107.7,107.975,107.975,107.75,0.04K,0.00%
06/11/2021,107.7,107.9,108.2,107.75,0.07K,-0.09%
06/10/2021,107.8,107.9,107.91,107.85,0.05K,0.00%
06/09/2021,107.8,107.95,107.96,107.7,0.06K,0.00%
06/08/2021,107.8,107.85,108.15,107.7,0.07K,0.00%
06/07/2021,107.8,107.85,107.9,107.75,0.07K,0.05%
06/04/2021,107.75,107.8,107.85,107.75,0.04K,0.05%
06/03/2021,107.7,107.75,107.8,107.7,0.08K,0.09%
06/02/2021,107.6,107.7,107.76,107.55,0.04K,0.00%
05/31/2021,107.6,107.65,107.9,107.55,0.08K,0.09%
05/28/2021,107.5,107.55,107.65,107.5,0.04K,0.09%
05/27/2021,107.4,107.6,107.7,107.5,0.04K,-0.09%
05/26/2021,107.5,107.75,108,107.55,0.12K,-0.09%
05/25/2021,107.6,108.25,108.25,107.7,0.14K,-0.28%
05/24/2021,107.9,108.2,108.3,107.8,0.12K,-0.23%
05/21/2021,108.15,108.2,108.3,108.1,0.07K,0.00%
05/20/2021,108.15,107.95,108.3,107.75,0.17K,0.37%
05/19/2021,107.75,107.2,108,107.2,0.26K,0.33%
05/18/2021,107.4,107.2,107.6,107,0.17K,0.19%
05/17/2021,107.2,107.2,107.305,107,0.11K,0.09%
05/13/2021,107.1,107,107.22,106.9,0.12K,0.19%
05/12/2021,106.9,106.85,107.2,106.75,0.15K,0.47%
05/11/2021,106.4,106.5,106.86,106.5,0.18K,-0.05%
05/10/2021,106.45,106.7,106.8,106.4,0.17K,-0.14%
05/07/2021,106.6,106.8,106.8,106.7,0.07K,-0.09%
05/06/2021,106.7,106.9,107.25,106.74,0.16K,-0.19%
05/05/2021,106.9,107.2,107.3,106.9,0.16K,-0.23%
05/04/2021,107.15,107.85,107.85,107.1,0.23K,-0.42%
05/03/2021,107.6,107.85,107.925,107.65,0.10K,-0.14%
04/30/2021,107.75,107.85,107.85,107.8,0.03K,0.00%
04/29/2021,107.75,107.8,107.9,107.8,0.03K,0.00%
04/28/2021,107.75,107.8,107.9,107.8,0.04K,0.05%
04/27/2021,107.7,108.1,108.3,107.7,0.31K,-0.28%
04/26/2021,108,108.6,108.6,108.1,0.21K,-0.41%
04/23/2021,108.45,108.5,108.6,108.45,0.09K,0.00%
04/22/2021,108.45,108.45,108.6,108.25,0.11K,0.09%
04/21/2021,108.35,108.05,108.45,107.9,0.21K,0.32%
04/20/2021,108,107.95,108.3,107.9,0.15K,0.09%
04/19/2021,107.9,107.5,108,107.425,0.29K,0.47%
04/16/2021,107.4,107.1,107.51,106.8,0.26K,0.42%
04/15/2021,106.95,106.8,107.1,106.75,0.20K,0.23%
04/14/2021,106.7,106.9,106.95,106.8,0.07K,-0.09%
04/13/2021,106.8,107.15,107.175,106.8,0.13K,-0.19%
04/12/2021,107,107.25,107.45,107.1,0.10K,-0.19%
04/09/2021,107.2,108,108.15,107.05,0.40K,-0.65%
04/08/2021,107.9,108.2,108.25,107.9,0.12K,-0.23%
04/07/2021,108.15,108.6,108.9,107.925,0.35K,-0.32%
04/06/2021,108.5,108.9,108.97,108.6,0.17K,-0.28%
04/01/2021,108.8,109.4,109.7,108.6,0.23K,-0.41%
03/31/2021,109.25,109.55,109.85,109.3,0.11K,-0.14%
03/30/2021,109.4,109.7,109.8,109.45,0.11K,-0.18%
03/29/2021,109.6,109.75,109.85,109.5,0.05K,-0.05%
03/26/2021,109.65,109.75,109.85,109.65,0.04K,0.00%
03/25/2021,109.65,109.85,109.85,109.685,0.06K,-0.05%
03/24/2021,109.7,109.9,109.9,109.8,0.04K,-0.05%
03/23/2021,109.75,109.85,109.9,109.84,0.02K,0.00%
03/22/2021,109.75,109.9,109.9,109.7,0.03K,0.00%
03/19/2021,109.75,109.8,109.9,109.65,0.03K,0.00%
03/18/2021,109.75,109.6,109.9,109.6,0.10K,0.05%
03/17/2021,109.7,109.65,109.8,109.65,0.08K,0.09%
03/16/2021,109.6,109.7,109.825,109.65,0.06K,0.05%
03/15/2021,109.55,109.65,109.7,109.55,0.04K,0.00%
03/12/2021,109.55,109.7,109.7,109.6,0.02K,0.00%
03/11/2021,109.55,109.7,109.7,109.6,0.02K,0.00%
03/10/2021,109.55,109.65,109.7,109.65,0.00K,0.00%
03/09/2021,109.55,109.8,109.8,109.65,0.01K,0.00%
03/08/2021,109.55,109.65,109.65,109.6,0.03K,0.00%
03/05/2021,109.55,109.6,109.7,109.6,0.03K,0.00%
03/04/2021,109.55,109.8,109.8,109.6,0.05K,-0.05%
03/03/2021,109.6,109.85,109.85,109.65,0.09K,-0.09%
03/02/2021,109.7,109.85,109.85,109.75,0.03K,0.00%
03/01/2021,109.7,109.85,109.85,109.55,0.04K,0.00%
02/26/2021,109.7,109.85,109.85,109.79,0.02K,0.00%
02/25/2021,109.7,109.75,109.85,109.7,0.06K,0.00%
02/24/2021,109.7,109.8,109.8,109.55,0.08K,0.09%
02/23/2021,109.6,109.6,109.75,109.45,0.09K,0.09%
02/22/2021,109.5,109.6,109.7,109.55,0.03K,0.00%
02/19/2021,109.5,109.5,109.7,109.45,0.07K,0.05%
02/18/2021,109.45,109.5,109.85,109.45,0.03K,0.00%
02/17/2021,109.45,109.4,109.7,109.4,0.10K,0.09%
02/16/2021,109.35,109.4,109.75,109.4,0.04K,0.00%
02/15/2021,109.35,109.4,109.7,109.4,0.04K,0.00%
02/12/2021,109.35,109.45,109.55,109.4,0.03K,0.00%
02/11/2021,109.35,109.45,109.6,109.4,0.03K,0.00%
02/10/2021,109.35,109.55,109.575,109.4,0.09K,-0.09%
02/09/2021,109.45,109.65,109.7,109.5,0.09K,-0.09%
02/08/2021,109.55,109.65,109.85,109.6,0.03K,0.00%
02/05/2021,109.55,109.85,109.9,109.6,0.11K,-0.14%
02/04/2021,109.7,109.9,110.15,109.6,0.04K,-0.09%
02/03/2021,109.8,110,110.15,109.6,0.40K,-0.09%
02/02/2021,109.9,110.15,110.15,110,0.10K,-0.14%
02/01/2021,110.05,110.15,110.15,110,0.02K,0.00%
01/29/2021,110.05,110.15,110.15,110.1,0.02K,0.00%
01/28/2021,110.05,110.15,110.15,110.05,0.04K,-0.02%
01/27/2021,110.07,110.1,110.17,110,0.05K,0.06%
01/26/2021,110,110.05,110.15,110,0.04K,0.00%
01/25/2021,110,110.05,110.2,109.8,0.08K,0.09%
01/22/2021,109.9,109.85,110.15,109.75,0.18K,0.18%
01/21/2021,109.7,110.15,110.2,109.7,0.18K,-0.36%
01/20/2021,110.1,110.2,110.2,110.05,0.06K,0.00%
01/19/2021,110.1,110.1,110.2,110,0.13K,0.09%
01/18/2021,110,110.05,110.15,109.9,0.06K,0.00%
01/15/2021,110,110.1,110.2,109.9,0.07K,0.14%
01/14/2021,109.85,110,110.3,109.7,0.16K,-0.05%
01/13/2021,109.9,109.65,110.07,109.5,0.20K,0.27%
01/12/2021,109.6,109.5,109.75,109.25,0.12K,0.14%
01/11/2021,109.45,109.5,109.55,109.5,0.03K,0.00%
01/08/2021,109.45,109.5,109.6,109.5,0.04K,0.00%
01/07/2021,109.45,109.5,109.55,109.2,0.07K,0.05%
01/06/2021,109.4,109.4,109.5,109.2,0.11K,0.09%
01/05/2021,109.3,109.1,109.43,109.1,0.09K,0.09%
01/04/2021,109.2,109.15,109.4,109.05,0.10K,-0.49%
01/01/2021,109.74,109.74,109.74,109.74,,0.59%
12/31/2020,109.1,109.15,109.3,109.05,0.06K,-0.05%
12/30/2020,109.15,109,109.3,108.78,0.14K,0.18%
12/29/2020,108.95,108.8,109.05,108.7,0.16K,0.23%
12/28/2020,108.7,108.75,108.8,108.6,0.16K,0.09%
12/24/2020,108.6,108.8,108.86,108.7,0.08K,-0.09%
12/23/2020,108.7,109.3,109.65,108.45,0.36K,-0.46%
12/22/2020,109.2,111,111.15,109.3,0.58K,-1.58%
12/21/2020,110.95,111.45,111.6,110.9,0.20K,-0.31%
12/18/2020,111.3,111.55,111.6,111.2,0.09K,-0.18%
12/17/2020,111.5,111.6,111.6,111.5,0.03K,0.00%
12/16/2020,111.5,111.55,111.65,111.55,0.04K,0.00%
12/15/2020,111.5,111.6,111.65,111.45,0.09K,0.00%
12/14/2020,111.5,111.45,111.6,111.2,0.08K,0.09%
12/11/2020,111.4,111.45,111.55,111.2,0.07K,0.00%
12/10/2020,111.4,111.4,111.55,111.2,0.12K,0.09%
12/09/2020,111.3,111.3,111.6,111.15,0.19K,-0.04%
12/08/2020,111.35,111.4,111.45,111.1,0.12K,0.04%
12/07/2020,111.3,111.2,111.45,110.9,0.19K,0.45%
12/04/2020,110.8,111.1,111.25,110.8,0.11K,0.00%
12/03/2020,110.8,110.6,111.78,110.5,0.64K,0.27%
12/02/2020,110.5,110.1,110.705,109.95,0.30K,0.32%
12/01/2020,110.15,110.05,110.25,109.9,0.04K,0.14%
11/30/2020,110,110,110.2,109.9,0.04K,0.05%
11/27/2020,109.95,109.9,110.2,109.9,0.05K,0.14%
11/26/2020,109.8,109.8,110.06,109.75,0.08K,0.00%
11/25/2020,109.8,109.8,109.95,109.6,0.08K,0.09%
11/24/2020,109.7,109.4,109.85,109.4,0.08K,0.18%
11/23/2020,109.5,109.5,109.8,109.35,0.06K,0.09%
11/20/2020,109.4,109.4,109.7,109.2,0.08K,0.14%
11/19/2020,109.25,109.3,109.47,109.2,0.07K,-0.05%
11/18/2020,109.3,109.15,109.4,109.15,0.05K,0.14%
11/17/2020,109.15,109.25,109.35,108.92,0.04K,0.00%
11/16/2020,109.15,109.15,109.3,108.95,0.06K,0.05%
11/13/2020,109.1,109.15,109.27,109.05,0.08K,0.05%
11/12/2020,109.05,109,109.2,108.85,0.11K,0.28%
11/11/2020,108.75,108.95,109.1,108.85,0.08K,-0.09%
11/10/2020,108.85,108.85,109.05,108.8,0.06K,0.05%
11/09/2020,108.8,108.95,109.05,108.85,0.05K,-0.14%
11/06/2020,108.95,108.85,109.05,108.8,0.06K,0.14%
11/05/2020,108.8,108.9,109.02,108.8,0.07K,0.00%
11/04/2020,108.8,108.85,108.95,108.8,0.03K,0.05%
11/03/2020,108.75,108.85,108.95,108.75,0.04K,0.00%
11/02/2020,108.75,108.85,108.9,108.75,0.04K,0.05%
10/30/2020,108.7,108.8,108.9,108.75,0.03K,0.00%
10/29/2020,108.7,108.8,108.9,108.6,0.05K,0.00%
10/28/2020,108.7,108.85,108.9,108.75,0.05K,0.00%
10/27/2020,108.7,108.8,108.95,108.7,0.05K,-0.05%
10/26/2020,108.75,108.75,108.95,108.5,0.06K,0.00%
10/23/2020,108.75,108.8,108.9,108.6,0.04K,0.00%
10/22/2020,108.75,108.8,108.9,108.5,0.09K,0.14%
10/21/2020,108.6,108.6,108.85,108.6,0.06K,-0.05%
10/19/2020,108.65,108.6,108.8,108.6,0.06K,0.05%
10/16/2020,108.6,108.65,108.8,108.4,0.08K,0.05%
10/15/2020,108.55,108.6,108.71,108.5,0.04K,0.14%
10/14/2020,108.4,108.5,108.7,108.5,0.09K,-0.14%
10/13/2020,108.55,108.5,108.8,108.5,0.06K,0.14%
10/12/2020,108.4,108.4,108.65,108.4,0.05K,-0.09%
10/09/2020,108.5,108.5,108.6,108.45,0.06K,0.00%
10/08/2020,108.5,108.5,108.6,108.45,0.06K,0.09%
10/07/2020,108.4,108.55,108.6,108.45,0.04K,-0.09%
10/06/2020,108.5,108.45,108.6,108.385,0.06K,0.09%
10/05/2020,108.4,108.45,108.6,108.4,0.05K,0.00%
10/02/2020,108.4,108.5,108.6,108.4,0.06K,0.05%
10/01/2020,108.35,108.4,108.55,108.35,0.05K,-0.05%
09/30/2020,108.4,108.5,108.55,108.35,0.10K,0.00%
09/29/2020,108.4,108.5,108.55,108.4,0.04K,0.00%
09/28/2020,108.4,108.5,108.6,108.25,0.05K,0.00%
09/25/2020,108.4,108.5,108.55,108.35,0.08K,0.00%
09/24/2020,108.4,108.4,108.53,108.4,0.05K,0.09%
09/23/2020,108.3,108.4,108.5,108.35,0.05K,0.00%
09/22/2020,108.3,108.4,108.5,108.3,0.05K,0.05%
09/21/2020,108.25,108.4,108.55,108.05,0.11K,0.00%
09/18/2020,108.25,108.4,108.55,108.1,0.06K,-0.05%
09/17/2020,108.3,108.35,108.45,108.3,0.04K,-0.05%
09/16/2020,108.35,108.65,108.7,108.3,0.29K,-0.18%
09/15/2020,108.55,108.55,108.75,108.35,0.08K,0.05%
09/14/2020,108.5,108.55,108.65,108.2,0.06K,0.05%
09/11/2020,108.45,108.45,108.55,108.25,0.06K,0.09%
09/10/2020,108.35,108.35,108.5,108.3,0.05K,0.00%
09/09/2020,108.35,108.35,108.5,108.25,0.04K,0.05%
09/08/2020,108.3,108.3,108.45,108.25,0.06K,0.00%
09/07/2020,108.3,108.3,108.4,108.05,0.03K,0.00%
09/04/2020,108.3,108.35,108.4,108.25,0.02K,0.05%
09/03/2020,108.25,108.35,108.4,108.2,0.02K,0.05%
09/02/2020,108.2,108.2,108.45,108.05,0.05K,0.00%
09/01/2020,108.2,108.25,108.45,108.05,0.07K,0.09%
08/31/2020,108.1,108.2,108.45,108.05,0.03K,0.05%
08/28/2020,108.05,108.15,108.3,108.05,0.05K,-0.05%
08/27/2020,108.1,108.1,108.3,108.05,0.09K,-0.09%
08/26/2020,108.2,108.05,108.3,107.95,0.06K,0.23%
08/25/2020,107.95,108.05,108.25,107.95,0.09K,0.00%
08/24/2020,107.95,108,108.3,107.925,0.05K,0.05%
08/21/2020,107.9,108.05,108.075,107.875,0.05K,-0.05%
08/20/2020,107.95,108.45,108.65,107.95,0.35K,-0.42%
08/19/2020,108.4,108.4,108.7,108.35,0.10K,0.05%
08/18/2020,108.35,108.2,108.5,108.175,0.09K,0.14%
08/17/2020,108.2,108.2,108.4,108,0.09K,-0.05%
08/14/2020,108.25,108.3,108.45,108.145,0.07K,0.05%
08/13/2020,108.2,108.45,108.5,108.2,0.16K,-0.14%
08/12/2020,108.35,108.3,108.7,108.01,0.12K,0.14%
08/11/2020,108.2,108.1,108.4,107.85,0.15K,0.19%
08/10/2020,108,108.05,108.15,107.85,0.06K,0.09%
08/07/2020,107.9,108,108.05,107.7,0.05K,-0.14%
08/06/2020,108.05,107.9,108.05,107.8,0.07K,0.23%
08/05/2020,107.8,107.825,108,107.8,0.08K,-0.07%
08/04/2020,107.88,107.8,107.95,107.75,0.08K,0.03%
08/03/2020,107.85,107.75,107.95,107.7,0.08K,0.09%
07/30/2020,107.75,107.7,107.8,107.65,0.05K,0.05%
07/29/2020,107.7,107.85,107.85,107.6,0.10K,-0.09%
07/28/2020,107.8,107.7,107.9,107.65,0.06K,0.00%
07/27/2020,107.8,107.9,108.05,107.5,0.11K,-0.05%
07/24/2020,107.85,107.9,108,107.5,0.15K,-0.14%
07/23/2020,108,108,108.35,107.8,0.19K,-0.37%
07/22/2020,108.4,107.8,108.4,107.5,0.19K,0.51%
07/21/2020,107.85,107.7,107.95,107.355,0.14K,0.19%
07/20/2020,107.65,107.4,107.75,107.3,0.16K,0.23%
07/17/2020,107.4,107.5,107.65,107.3,0.14K,-0.09%
07/16/2020,107.5,107.35,107.53,107.1,0.10K,0.09%
07/15/2020,107.4,107.1,107.4,107.1,0.11K,0.09%
07/14/2020,107.3,107,107.45,106.9,0.13K,0.19%
07/13/2020,107.1,106.9,107.2,106.7,0.09K,0.00%
07/10/2020,107.1,106.85,107.1,106.85,0.11K,0.14%
07/09/2020,106.95,106.9,107.1,106.7,0.17K,0.00%
07/08/2020,106.95,106.7,107.05,106.45,0.12K,0.19%
07/07/2020,106.75,106.6,106.95,106.4,0.07K,0.14%
07/06/2020,106.6,106.6,106.7,106.5,0.03K,0.05%
07/03/2020,106.55,106.55,106.75,106.45,0.07K,-0.14%
07/02/2020,106.7,106.5,106.75,106.45,0.08K,0.23%
07/01/2020,106.45,106.5,106.6,106.45,0.02K,-0.09%
06/30/2020,106.55,106.45,106.65,106.45,0.04K,0.00%
06/29/2020,106.55,106.5,106.6,106.35,0.07K,0.05%
06/26/2020,106.5,106.4,106.55,106.1,0.05K,-0.05%
06/25/2020,106.55,106.3,106.6,106.3,0.09K,0.09%
06/24/2020,106.45,106.3,106.5,106.3,0.04K,0.05%
06/23/2020,106.4,106.5,106.6,106.25,0.07K,0.00%
06/22/2020,106.4,106.3,106.55,106.25,0.07K,0.09%
06/19/2020,106.3,106.45,106.55,106.25,0.05K,0.00%
06/18/2020,106.3,106.45,106.65,106.25,0.04K,0.00%
06/17/2020,106.3,106.5,106.7,106.2,0.11K,-0.14%
06/16/2020,106.45,106.475,106.675,106.4,0.11K,-0.19%
06/15/2020,106.65,106.45,106.65,106.4,0.05K,0.19%
06/12/2020,106.45,106.65,106.7,106.4,0.04K,0.00%
06/11/2020,106.45,106.5,106.9,106.3,0.20K,-0.09%
06/10/2020,106.55,106.5,106.7,106.2,0.11K,0.09%
06/09/2020,106.45,106.3,106.7,106.05,0.10K,0.14%
06/08/2020,106.3,106.2,106.6,106.05,0.09K,0.14%
06/05/2020,106.15,106.2,106.2,106.05,0.04K,0.05%
06/04/2020,106.1,106.2,106.2,106,0.06K,-0.09%
06/03/2020,106.2,106.4,106.6,106,0.12K,-0.19%
06/02/2020,106.4,106.8,106.95,106.35,0.13K,-0.37%
05/29/2020,106.8,106.9,107.05,106.75,0.07K,-0.14%
05/28/2020,106.95,107.05,107.2,106.89,0.09K,-0.09%
05/27/2020,107.05,107,107.2,106.95,0.10K,-0.05%
05/26/2020,107.1,107,107.3,106.79,0.11K,0.09%
05/22/2020,107,106.925,107.1,106.8,0.08K,0.14%
05/21/2020,106.85,106.9,107.05,106.79,0.09K,-0.05%
05/20/2020,106.9,106.7,107.2,106.45,0.10K,0.09%
05/19/2020,106.8,107.05,107.05,106.45,0.13K,0.00%
05/18/2020,106.8,106.8,107.2,106.3,0.27K,-0.28%
05/15/2020,107.1,106.8,107.1,106.6,0.12K,0.33%
05/14/2020,106.75,106.5,106.9,106.2,0.11K,0.23%
05/13/2020,106.5,106.25,106.65,106.25,0.13K,0.00%
05/12/2020,106.5,106.1,106.6,106,0.17K,0.28%
05/11/2020,106.2,106.05,106.2,105.85,0.08K,0.14%
05/08/2020,106.05,105.95,106.1,105.8,0.17K,0.05%
05/07/2020,106,106.05,106.15,105.9,0.06K,-0.05%
05/06/2020,106.05,106.65,106.65,106,0.15K,-0.43%
05/05/2020,106.505,106.65,106.705,106.1,0.29K,-0.09%
05/04/2020,106.6,107.3,107.35,106.45,0.20K,-0.61%
04/30/2020,107.25,107.3,107.35,107,0.04K,0.00%
04/29/2020,107.255,107.3,107.35,107,0.05K,0.05%
04/28/2020,107.205,106.95,107.4,106.95,0.08K,-0.04%
04/27/2020,107.25,106.95,107.45,106.8,0.21K,0.23%
04/24/2020,107,106.7,107.65,106.6,0.38K,-0.28%
04/23/2020,107.3,107,107.5,106.7,0.12K,0.14%
04/22/2020,107.15,106.75,107.3,106.75,0.08K,0.19%
04/21/2020,106.95,106.7,107.15,106.55,0.06K,0.14%
04/20/2020,106.8,106.85,107.2,106.1,0.08K,0.19%
04/17/2020,106.6,106.1,107,105.9,0.07K,0.19%
04/16/2020,106.4,106.45,106.45,105.8,0.07K,0.09%
04/15/2020,106.305,105.9,106.305,105.9,0.03K,0.38%
04/14/2020,105.905,105.95,106.3,105.8,0.03K,-0.04%
04/09/2020,105.95,105.905,106.155,105.6,0.07K,-0.14%
04/08/2020,106.1,106.5,106.8,105.75,0.15K,-0.47%
04/07/2020,106.6,106,106.65,105.95,0.11K,0.33%
04/06/2020,106.25,105.95,106.55,105.4,0.09K,0.24%
04/03/2020,106,105.55,106.35,105.4,0.13K,0.28%
04/02/2020,105.7,105.05,106.1,104.9,0.20K,0.48%
04/01/2020,105.2,104.9,105.95,104.9,0.08K,0.00%
03/31/2020,105.2,104.7,105.35,104.6,0.14K,0.48%
03/30/2020,104.7,104.3,105.1,104.1,0.14K,0.19%
03/27/2020,104.5,105.1,105.2,104.1,0.17K,-0.57%
03/26/2020,105.1,106.4,106.4,105.05,0.19K,-1.13%
03/25/2020,106.3,106.45,106.8,105.7,0.17K,-0.09%
03/24/2020,106.4,106.1,106.9,106.1,0.15K,0.05%
03/23/2020,106.35,105.8,106.725,105.8,0.20K,0.33%
03/20/2020,106,105.25,106.5,101.15,0.31K,0.76%
03/19/2020,105.2,104.35,105.5,104.05,0.35K,0.91%
03/18/2020,104.25,103.5,104.35,103.5,0.27K,0.53%
03/17/2020,103.7,103.3,103.85,103.1,0.19K,0.29%
03/16/2020,103.4,102.85,103.6,102.67,0.25K,0.49%
03/13/2020,102.895,102.445,103.145,102.295,0.23K,0.48%
03/12/2020,102.4,102.5,102.7,102.35,0.08K,-0.10%
03/11/2020,102.5,102.7,102.9,102.35,0.19K,-0.19%
03/10/2020,102.7,102.9,103,102.6,0.12K,-0.19%
03/09/2020,102.9,102.6,103.25,102.5,0.21K,0.19%
03/06/2020,102.7,102.6,102.9,102.49,0.11K,0.10%
03/05/2020,102.6,102.9,103.1,102.4,0.21K,-0.29%
03/04/2020,102.9,102.2,103.05,102.2,0.21K,0.49%
03/03/2020,102.4,101.45,102.6,101.15,0.33K,0.94%
03/02/2020,101.45,101.15,101.52,100.95,0.13K,0.25%
02/28/2020,101.2,101.15,101.3,100.9,0.14K,0.20%
02/27/2020,101,101.15,101.4,100.85,0.07K,0.10%
02/26/2020,100.9,101.15,101.4,100.8,0.13K,-0.30%
02/25/2020,101.2,101.15,101.4,101.05,0.04K,0.00%
02/24/2020,101.2,101.15,101.4,101.1,0.08K,0.00%
02/21/2020,101.2,101.15,101.45,101.1,0.04K,-0.10%
02/20/2020,101.3,101.15,101.46,101.1,0.11K,0.05%
02/19/2020,101.25,101.1,101.4,100.75,0.15K,0.20%
02/18/2020,101.05,101.15,101.2,100.75,0.13K,0.20%
02/17/2020,100.85,100.55,101.12,100.4,0.14K,0.15%
02/14/2020,100.7,100.7,100.7,100.5,0.05K,0.10%
02/13/2020,100.6,100.7,100.7,100.4,0.07K,-0.05%
02/12/2020,100.65,100.65,100.75,100.35,0.08K,-0.05%
02/11/2020,100.7,100.75,100.75,100.7,0.00K,0.00%
02/10/2020,100.7,100.45,100.85,100.35,0.10K,0.10%
02/07/2020,100.6,100.45,100.7,100.3,0.07K,0.10%
02/06/2020,100.5,100.45,100.6,100.3,0.07K,0.15%
02/05/2020,100.35,100.3,100.55,100.3,0.07K,-0.05%
02/04/2020,100.4,100.45,100.6,100.3,0.08K,-0.10%
02/03/2020,100.5,100.45,100.6,100.35,0.09K,0.10%
01/31/2020,100.4,100.65,100.8,100.4,0.11K,-0.20%
01/30/2020,100.6,100.8,100.9,100.45,0.13K,-0.10%
01/29/2020,100.7,101.15,101.15,100.65,0.09K,-0.20%
01/28/2020,100.9,101.15,101.27,100.8,0.06K,0.00%
01/27/2020,100.9,101.15,101.15,100.8,0.06K,0.00%
01/24/2020,100.9,101.15,101.15,100.8,0.10K,0.00%
01/23/2020,100.9,100.85,101.15,100.75,0.09K,0.05%
01/22/2020,100.85,101,101.15,100.8,0.15K,-0.15%
01/21/2020,101,101.1,101.2,100.9,0.08K,-0.10%
01/20/2020,101.1,101.15,101.2,100.9,0.11K,0.20%
01/17/2020,100.9,101.15,101.2,100.8,0.12K,-0.15%
01/16/2020,101.05,101.15,101.4,100.9,0.18K,-0.35%
01/15/2020,101.4,101.15,101.5,101.15,0.05K,0.00%
01/14/2020,101.4,101.45,101.6,101.25,0.12K,-0.20%
01/13/2020,101.6,101.15,101.65,101.15,0.11K,0.20%
01/10/2020,101.4,101.65,101.7,101.05,0.15K,-0.20%
01/09/2020,101.6,101.15,101.8,101.15,0.19K,0.00%
01/08/2020,101.6,101.15,101.65,101.15,0.16K,0.30%
01/07/2020,101.3,101.15,101.4,101,0.17K,0.10%
01/06/2020,101.2,101.15,101.2,100.9,0.08K,0.25%
01/03/2020,100.95,100.95,101.15,100.85,0.11K,0.00%
01/02/2020,100.95,101.35,101.6,100.85,0.16K,-0.39%
01/01/2020,101.35,101.35,101.35,101.15,,0.00%
12/31/2019,101.35,101.4,101.55,101.15,0.13K,-0.05%
12/30/2019,101.4,101.15,101.5,100.9,0.23K,0.15%
12/27/2019,101.25,100.75,101.4,100.65,0.18K,0.45%
12/26/2019,100.8,100.8,100.8,100.8,,0.00%
12/25/2019,100.8,100.8,100.8,100.8,,0.00%
12/24/2019,100.8,100.7,101,100.6,0.07K,0.20%
12/23/2019,100.6,100.65,100.9,100.58,0.05K,-0.10%
12/20/2019,100.7,100.65,100.85,100.6,0.09K,0.00%
12/19/2019,100.7,101.15,101.15,100.6,0.13K,-0.20%
12/18/2019,100.9,101.5,101.75,100.8,0.20K,-0.59%
12/17/2019,101.5,101.65,102,101.45,0.09K,-0.10%
12/16/2019,101.6,101.7,101.9,101.45,0.05K,-0.10%
12/13/2019,101.7,101.7,101.95,101.45,0.06K,0.00%
12/12/2019,101.7,101.7,101.7,101.7,,0.00%
12/11/2019,101.7,101.5,102,101.35,0.12K,0.20%
12/10/2019,101.5,101.45,102.05,101.4,0.11K,0.10%
12/09/2019,101.4,101.7,101.95,101.3,0.13K,-0.29%
12/06/2019,101.7,101.65,102,101.5,0.13K,0.05%
12/05/2019,101.65,102,102.3,101.6,0.18K,-0.34%
12/04/2019,102,102.3,102.35,101.65,0.23K,-0.29%
12/03/2019,102.3,102.65,102.7,102.2,0.14K,-0.39%
12/02/2019,102.7,102.55,102.8,102.5,0.07K,0.10%
11/29/2019,102.6,102.8,103,102.48,0.21K,-0.19%
11/28/2019,102.8,102.55,103.05,102.4,0.16K,0.27%
11/27/2019,102.52,102.5,102.75,102.3,0.14K,0.02%
11/26/2019,102.5,102.1,102.5,102,0.32K,0.39%
11/25/2019,102.1,101.55,102.15,101.5,0.22K,0.49%
11/22/2019,101.6,101.4,101.9,101.15,0.13K,0.20%
11/21/2019,101.4,101.4,101.9,101.15,0.13K,0.00%
11/20/2019,101.4,101.75,101.98,101.35,0.20K,-0.34%
11/19/2019,101.75,101.85,102.35,101.7,0.11K,-0.10%
11/18/2019,101.85,102,102.35,101.85,0.07K,-0.10%
11/15/2019,101.95,102.05,102.45,101.9,0.12K,-0.10%
11/14/2019,102.05,102.1,102.55,102,0.09K,-0.05%
11/13/2019,102.1,102.4,102.6,102,0.16K,-0.29%
11/12/2019,102.4,102.45,102.9,102.32,0.10K,0.00%
11/11/2019,102.4,102.5,102.9,102.35,0.08K,-0.05%
11/08/2019,102.45,102.85,103,102.1,0.24K,-0.39%
11/07/2019,102.85,102.9,103.4,102.7,0.19K,-0.05%
11/06/2019,102.9,103.2,103.5,102.85,0.22K,-0.29%
11/05/2019,103.2,103.3,103.55,103.1,0.14K,-0.10%
11/04/2019,103.3,103.55,103.57,103.2,0.10K,0.00%
11/01/2019,103.3,103.3,103.6,103.2,0.10K,0.00%
10/31/2019,103.3,103.2,103.6,103.16,0.18K,0.10%
10/30/2019,103.2,103.45,103.6,103.1,0.33K,-0.19%
10/29/2019,103.4,103.6,103.65,103.3,0.12K,-0.10%
10/28/2019,103.5,103.5,103.7,103.25,0.08K,0.00%
10/25/2019,103.5,103.25,103.71,103.1,0.19K,0.24%
10/24/2019,103.25,103.6,103.7,103.05,0.24K,-0.29%
10/23/2019,103.55,103.65,103.9,103.35,0.11K,-0.05%
10/22/2019,103.6,103.7,103.85,103.48,0.20K,-0.14%
10/21/2019,103.75,103.65,103.75,103.65,0.00K,0.00%
10/18/2019,103.75,103.85,103.85,103.7,0.04K,0.05%
10/17/2019,103.7,103.75,103.9,103.65,0.13K,0.00%
10/16/2019,103.7,103.75,103.9,103.5,0.16K,-0.05%
10/15/2019,103.75,103.75,103.9,103.6,0.14K,-0.05%
10/14/2019,103.8,103.8,103.9,103.55,0.06K,0.05%
10/11/2019,103.75,103.8,103.92,103.7,0.10K,0.00%
10/10/2019,103.75,103.75,103.8,103.7,0.06K,0.00%
10/09/2019,103.75,103.85,103.9,103.75,0.12K,-0.05%
10/08/2019,103.8,103.8,103.9,103.75,0.09K,0.00%
10/07/2019,103.8,103.85,103.92,103.7,0.16K,-0.10%
10/04/2019,103.9,103.8,103.95,103.75,0.10K,0.10%
10/03/2019,103.8,103.85,103.97,103.7,0.08K,-0.10%
10/02/2019,103.9,103.85,103.97,103.8,0.06K,0.00%
10/01/2019,103.9,103.85,104,103.8,0.11K,0.05%
09/30/2019,103.85,103.9,104,103.75,0.13K,-0.05%
09/27/2019,103.9,103.8,104,103.75,0.09K,0.10%
09/26/2019,103.8,103.85,103.95,103.65,0.07K,-0.10%
09/25/2019,103.9,103.8,103.95,103.7,0.08K,0.10%
09/24/2019,103.8,103.85,103.95,103.6,0.12K,-0.10%
09/23/2019,103.9,103.75,103.97,103.65,0.13K,0.24%
09/20/2019,103.65,103.85,103.92,103.55,0.16K,-0.24%
09/19/2019,103.9,103.95,104,103.7,0.09K,0.00%
09/18/2019,103.9,103.85,104.05,103.75,0.15K,0.14%
09/17/2019,103.75,103.75,104.02,103.7,0.13K,-0.10%
09/16/2019,103.85,103.8,103.95,103.7,0.07K,0.14%
09/13/2019,103.7,103.7,103.85,103.7,0.04K,-0.10%
09/12/2019,103.8,103.7,103.95,103.45,0.17K,0.00%
09/11/2019,103.8,103.65,104,103.6,0.12K,0.14%
09/10/2019,103.65,103.7,103.95,103.6,0.05K,-0.05%
09/09/2019,103.7,103.95,103.95,103.6,0.10K,-0.19%
09/06/2019,103.9,104,104.05,103.7,0.15K,0.05%
09/05/2019,103.85,103.95,104.05,103.75,0.08K,-0.05%
09/04/2019,103.9,103.95,104,103.7,0.13K,0.00%
09/03/2019,103.9,103.7,103.97,103.55,0.12K,0.34%
09/02/2019,103.55,103.6,103.8,103.44,0.06K,0.05%
08/30/2019,103.5,103.55,103.72,103.35,0.07K,-0.10%
08/29/2019,103.6,103.35,103.7,103.2,0.13K,0.14%
08/28/2019,103.45,103.4,103.6,103.2,0.10K,0.00%
08/27/2019,103.45,103.3,103.55,103.2,0.17K,0.05%
08/26/2019,103.4,103.25,103.5,103.05,0.17K,0.15%
08/23/2019,103.25,103.05,103.25,102.9,0.14K,0.15%
08/22/2019,103.1,102.9,103.25,102.9,0.12K,0.10%
08/21/2019,103,103,103.25,102.85,0.10K,0.00%
08/20/2019,103,103.3,103.4,102.9,0.17K,-0.29%
08/19/2019,103.3,103.35,103.45,103.1,0.13K,-0.10%
08/16/2019,103.4,103.3,103.6,103.1,0.09K,0.05%
08/15/2019,103.35,103.25,103.4,103.05,0.08K,0.10%
08/14/2019,103.25,103.25,103.4,103.05,0.06K,-0.03%
08/13/2019,103.28,103.05,103.4,103,0.14K,0.08%
08/12/2019,103.2,103.2,103.2,103.2,,0.10%
08/09/2019,103.1,103.3,103.45,102.9,0.15K,-0.29%
08/08/2019,103.4,103.5,103.65,103.25,0.17K,-0.10%
08/07/2019,103.5,103.4,103.6,103.05,0.20K,0.15%
08/06/2019,103.35,103.25,103.5,103.05,0.10K,0.22%
08/05/2019,103.125,102.875,103.525,102.875,0.23K,0.07%
08/02/2019,103.05,103.2,103.3,102.65,0.27K,-0.19%
08/01/2019,103.25,104.25,104.35,103,0.44K,-0.86%
07/31/2019,104.15,104.2,104.6,103.9,0.37K,-0.14%
07/30/2019,104.3,104,104.4,104,0.17K,0.19%
07/29/2019,104.1,103.8,104.25,103.6,0.23K,0.19%
07/26/2019,103.9,103.7,104.1,103.6,0.16K,0.14%
07/25/2019,103.75,103.95,104.15,103.55,0.17K,-0.34%
07/24/2019,104.1,103.6,104.2,103.6,0.23K,0.48%
07/23/2019,103.6,103.7,103.91,103.35,0.17K,0.00%
07/22/2019,103.6,103.05,103.8,103.05,0.34K,0.24%
07/19/2019,103.35,103.05,103.35,102.85,0.16K,0.29%
07/18/2019,103.05,103,103.2,102.9,0.09K,0.00%
07/17/2019,103.05,102.95,103.15,102.85,0.13K,-0.15%
07/16/2019,103.2,103.05,103.2,102.85,0.10K,0.10%
07/15/2019,103.1,102.9,103.15,102.8,0.12K,0.15%
07/12/2019,102.95,103,103.05,102.75,0.08K,0.05%
07/11/2019,102.9,102.8,103.05,102.65,0.16K,-0.05%
07/10/2019,102.95,102.53,103.05,102.53,0.12K,0.10%
07/09/2019,102.85,102.51,102.9,102.5,0.08K,0.19%
07/08/2019,102.65,102.55,102.9,102.37,0.16K,0.05%
07/05/2019,102.6,102.6,102.8,102.3,0.10K,-0.05%
07/04/2019,102.65,102.2,102.85,102.1,0.27K,0.39%
07/03/2019,102.25,103,103.05,102.1,0.35K,-0.73%
07/02/2019,103,102.7,103.15,102.6,0.22K,0.24%
07/01/2019,102.75,102.21,102.8,102.15,0.29K,0.39%
06/28/2019,102.35,102.1,102.4,102.06,0.14K,0.00%
06/27/2019,102.35,102.1,102.5,102.1,0.15K,0.20%
06/26/2019,102.15,102.11,102.3,101.85,0.18K,0.00%
06/25/2019,102.15,101.85,102.3,101.8,0.17K,0.25%
06/24/2019,101.9,101.85,102.03,101.79,0.07K,0.00%
06/21/2019,101.9,101.85,102,101.79,0.09K,0.00%
06/20/2019,101.9,101.8,102.05,101.75,0.11K,0.01%
06/19/2019,101.89,102,102.1,101.8,0.13K,-0.21%
06/18/2019,102.1,102.08,102.15,101.8,0.09K,0.05%
06/17/2019,102.05,101.93,102.2,101.62,0.27K,0.20%
06/14/2019,101.85,101.4,101.95,101.4,0.21K,0.30%
06/13/2019,101.55,101.15,101.67,101.15,0.15K,0.20%
06/12/2019,101.35,101.15,101.6,101.15,0.08K,0.00%
06/11/2019,101.35,101.15,101.5,101.1,0.11K,0.05%
06/10/2019,101.3,101.15,101.4,101.1,0.08K,0.10%
06/07/2019,101.2,101.15,101.35,101.1,0.11K,-0.10%
06/06/2019,101.3,101.15,101.44,101.15,0.08K,-0.10%
06/05/2019,101.4,101.15,101.4,101.15,,0.00%
06/04/2019,101.4,101.15,101.5,101.05,0.11K,0.10%
06/03/2019,101.3,101.15,101.45,101.1,0.07K,0.05%
05/31/2019,101.25,101.1,101.4,101.05,0.09K,-0.05%
05/30/2019,101.3,101.15,101.5,101.15,0.10K,0.00%
05/29/2019,101.3,101.35,101.5,101.1,0.15K,-0.05%
05/28/2019,101.35,101.25,101.4,101.1,0.15K,0.10%
05/27/2019,101.25,101.15,101.3,101.1,0.11K,0.00%
05/24/2019,101.25,101.3,101.3,101.05,0.15K,-0.05%
05/23/2019,101.3,101.3,101.32,101.1,0.19K,0.00%
05/22/2019,101.3,101.25,101.55,101.1,0.18K,0.05%
05/21/2019,101.25,101.15,101.28,101.05,0.13K,0.15%
05/20/2019,101.1,101.15,101.2,101.05,0.06K,-0.10%
05/17/2019,101.2,101.15,101.2,101.05,0.05K,0.10%
05/16/2019,101.1,101.15,101.4,101.05,0.06K,0.05%
05/15/2019,101.05,101.05,101.22,100.95,0.08K,-0.05%
05/14/2019,101.1,101.1,101.15,101.05,0.04K,0.00%
05/13/2019,101.1,101.15,101.28,101,0.08K,0.00%
05/10/2019,101.1,101.45,101.45,100.95,0.12K,-0.34%
05/09/2019,101.45,101.45,101.45,100.95,0.10K,0.20%
05/08/2019,101.25,101.1,101.4,100.95,0.18K,0.15%
05/07/2019,101.1,100.85,101.2,100.75,0.18K,0.20%
05/06/2019,100.9,101.1,101.15,100.85,0.11K,-0.20%
05/03/2019,101.1,100.85,101.2,100.8,0.14K,-0.05%
05/02/2019,101.15,101.25,101.45,100.75,0.12K,0.00%
05/01/2019,101.15,101.15,101.15,101.15,,0.00%
04/30/2019,101.15,101.4,101.5,100.85,0.15K,-0.15%
04/29/2019,101.3,101.6,101.6,101.3,0.11K,-0.20%
04/26/2019,101.5,101.6,101.6,101.4,0.07K,-0.10%
04/25/2019,101.6,101.25,101.6,101.25,0.13K,0.10%
